City_ID,City,Country,Date,Lat,Lng,Max Temp,Humidity,Cloudiness,Wind Speed,Current Description
0,Avarua,CK,2021-10-11 00:07:20,-21.2078,-159.775,78.85,73,100,9.22,overcast clouds
1,Poum,NC,2021-10-11 00:08:42,-20.2333,164.0167,75.42,65,11,18.66,few clouds
2,Yellowknife,CA,2021-10-11 00:04:32,62.456,-114.3525,36.41,100,100,1.99,light rain
3,Hit,IQ,2021-10-11 00:08:42,33.6416,42.8251,76.91,20,0,8.5,clear sky
4,Upernavik,GL,2021-10-11 00:08:43,72.7868,-56.1549,33.33,97,100,10.87,light snow
5,Moree,AU,2021-10-11 00:08:43,-29.4667,149.85,64.42,82,90,9.22,overcast clouds
6,Tvedestrand,NO,2021-10-11 00:08:44,58.622,8.9315,48.11,73,19,14.99,few clouds
7,Karratha,AU,2021-10-11 00:08:44,-20.7377,116.8463,78.89,30,6,21.59,clear sky
8,Tasiilaq,GL,2021-10-11 00:08:44,65.6145,-37.6368,32.16,53,5,3.04,clear sky
9,Naze,JP,2021-10-11 00:08:45,28.3667,129.4833,77.88,86,64,16.46,broken clouds
10,Rio Grande,BR,2021-10-11 00:08:45,-32.035,-52.0986,63.95,79,93,19.86,overcast clouds
11,Bilma,NE,2021-10-11 00:08:45,18.6853,12.9164,81.88,11,34,7.4,scattered clouds
12,Erenhot,CN,2021-10-11 00:08:46,43.6475,111.9767,41.27,32,0,7.36,clear sky
13,Thompson,CA,2021-10-11 00:08:46,55.7435,-97.8558,49.51,57,87,5.41,overcast clouds
14,Skibbereen,IE,2021-10-11 00:08:46,51.55,-9.2667,51.6,87,26,5.01,scattered clouds
15,Puerto Ayora,EC,2021-10-11 00:08:47,-0.7393,-90.3518,69.55,88,61,5.99,broken clouds
16,Ushuaia,AR,2021-10-11 00:04:01,-54.8,-68.3,44.22,75,75,23.02,light intensity drizzle
17,Mayna,RU,2021-10-11 00:08:47,54.1135,47.6231,40.26,83,59,4.23,broken clouds
18,Dikson,RU,2021-10-11 00:08:47,73.5069,80.5464,29.55,65,100,20.4,overcast clouds
19,Punta Arenas,CL,2021-10-11 00:06:13,-53.15,-70.9167,46.51,49,20,32.21,few clouds
20,Bethel,US,2021-10-11 00:04:17,41.3712,-73.414,62.96,89,90,3.0,overcast clouds
21,Garowe,SO,2021-10-11 00:05:19,8.4054,48.4845,77.23,75,91,13.2,light rain
22,Torbay,CA,2021-10-11 00:08:48,47.6666,-52.7314,42.76,82,37,1.01,scattered clouds
23,Santiago Del Estero,AR,2021-10-11 00:08:48,-27.7951,-64.2615,70.81,61,43,8.25,scattered clouds
24,Vaini,TO,2021-10-11 00:08:27,-21.2,-175.2,77.16,83,75,9.22,broken clouds
25,Cruzeiro Do Sul,BR,2021-10-11 00:08:49,-29.5128,-51.9853,68.49,83,98,1.61,overcast clouds
26,Saurimo,AO,2021-10-11 00:08:49,-9.6608,20.3916,74.41,38,76,0.74,broken clouds
27,Busselton,AU,2021-10-11 00:04:07,-33.65,115.3333,60.08,82,98,17.54,overcast clouds
28,Henties Bay,NA,2021-10-11 00:08:50,-22.116,14.2845,58.86,77,0,5.32,clear sky
29,Khatanga,RU,2021-10-11 00:07:04,71.9667,102.5,15.94,96,100,5.41,light snow
30,Astakos,GR,2021-10-11 00:08:50,38.5356,21.0814,64.35,84,100,11.7,light rain
31,Alofi,NU,2021-10-11 00:08:50,-19.0595,-169.9187,77.34,78,100,4.07,overcast clouds
32,Colesberg,ZA,2021-10-11 00:08:51,-30.72,25.0972,54.79,21,3,6.87,clear sky
33,Shiyan,CN,2021-10-11 00:08:51,32.6475,110.7781,51.93,92,100,2.39,overcast clouds
34,Bluff,NZ,2021-10-11 00:08:51,-46.6,168.3333,47.8,90,100,9.31,light rain
35,Le Vauclin,MQ,2021-10-11 00:08:52,14.5452,-60.8388,79.84,88,0,5.75,clear sky
36,Rikitea,PF,2021-10-11 00:06:11,-23.1203,-134.9692,74.82,79,98,17.83,overcast clouds
37,Dunedin,NZ,2021-10-11 00:06:20,-45.8742,170.5036,57.79,71,100,8.01,overcast clouds
38,Severnyy-Kospashskiy,RU,2021-10-11 00:08:52,59.0925,57.8008,32.61,81,94,5.41,overcast clouds
39,Vao,NC,2021-10-11 00:08:53,-22.6667,167.4833,70.48,63,4,13.27,clear sky
40,Linfen,CN,2021-10-11 00:08:53,36.0889,111.5189,50.31,63,81,0.51,broken clouds
41,Airai,TL,2021-10-11 00:08:53,-8.9266,125.4092,74.25,45,97,1.99,overcast clouds
42,Mataura,NZ,2021-10-11 00:08:54,-46.1927,168.8643,47.48,98,100,5.75,light rain
43,Albany,US,2021-10-11 00:05:37,42.6001,-73.9662,62.1,87,87,1.01,overcast clouds
44,Jamestown,US,2021-10-11 00:04:00,42.097,-79.2353,65.79,84,1,7.0,clear sky
45,Port Alfred,ZA,2021-10-11 00:08:54,-33.5906,26.891,58.3,74,23,20.71,few clouds
46,Marsabit,KE,2021-10-11 00:08:55,2.3284,37.9899,66.49,62,18,18.7,few clouds
47,Baoshan,CN,2021-10-11 00:06:23,46.5586,131.4244,49.51,54,0,16.44,clear sky
48,Lompoc,US,2021-10-11 00:08:55,34.6391,-120.4579,80.78,66,1,14.97,clear sky
49,Roma,US,2021-10-11 00:08:55,43.2128,-75.4557,67.84,80,90,10.36,overcast clouds
50,Ribeira Grande,PT,2021-10-11 00:04:21,38.5167,-28.7,69.48,92,100,25.68,overcast clouds
51,Kahului,US,2021-10-11 00:06:40,20.8947,-156.47,82.42,77,40,25.32,scattered clouds
52,Ponta Do Sol,PT,2021-10-11 00:06:15,32.6667,-17.1,72.23,69,17,5.08,few clouds
53,Alekseyevka,RU,2021-10-11 00:08:56,50.6309,38.6903,44.53,57,96,5.26,overcast clouds
54,Leningradskiy,RU,2021-10-11 00:08:57,69.3833,178.4167,23.49,91,100,4.83,overcast clouds
55,Half Moon Bay,US,2021-10-11 00:08:02,37.4636,-122.4286,82.42,66,1,3.0,clear sky
56,Atuona,PF,2021-10-11 00:08:57,-9.8,-139.0333,78.39,76,27,19.48,scattered clouds
57,Hithadhoo,MV,2021-10-11 00:06:30,-0.6,73.0833,82.72,68,99,15.14,overcast clouds
58,Chokurdakh,RU,2021-10-11 00:08:58,70.6333,147.9167,19.63,88,100,6.06,overcast clouds
59,Mvuma,ZW,2021-10-11 00:08:58,-19.2792,30.5283,53.76,89,100,14.16,overcast clouds
60,Zhengjiatun,CN,2021-10-11 00:08:58,43.5064,123.5064,47.44,44,0,4.9,clear sky
61,Santa Luzia,BR,2021-10-11 00:08:59,-19.7697,-43.8514,67.1,94,100,4.38,overcast clouds
62,Saint-Philippe,RE,2021-10-11 00:06:29,-21.3585,55.7679,71.15,88,6,5.32,clear sky
63,Gangapur,IN,2021-10-11 00:08:59,26.4833,76.7167,77.86,55,0,4.94,clear sky
64,Flinders,AU,2021-10-11 00:08:59,-34.5833,150.8552,60.39,72,100,5.99,overcast clouds
65,Juneau,US,2021-10-11 00:06:57,58.3019,-134.4197,46.45,91,75,3.44,broken clouds
66,Synya,RU,2021-10-11 00:09:00,65.3718,58.0387,28.99,93,100,10.36,light snow
67,Castro,BR,2021-10-11 00:09:00,-24.7911,-50.0119,56.44,97,99,11.95,overcast clouds
68,Kumluca,TR,2021-10-11 00:09:01,36.3703,30.2869,75.06,41,0,4.56,clear sky
69,Nailsea,GB,2021-10-11 00:09:01,51.4324,-2.7585,51.53,86,20,2.3,few clouds
70,Batemans Bay,AU,2021-10-11 00:09:02,-35.7167,150.1833,60.19,49,93,8.01,overcast clouds
71,Cape Town,ZA,2021-10-11 00:06:24,-33.9258,18.4232,64.11,53,98,4.56,overcast clouds
72,Hilo,US,2021-10-11 00:06:00,19.7297,-155.09,81.39,79,75,10.36,moderate rain
73,Miles City,US,2021-10-11 00:09:03,46.4083,-105.8406,66.51,42,1,6.91,clear sky
74,Tenosique,MX,2021-10-11 00:09:03,17.4833,-91.4333,80.73,86,45,0.74,scattered clouds
75,Adrar,MR,2021-10-11 00:09:03,20.5022,-10.0711,85.53,13,91,4.81,overcast clouds
76,Luderitz,NA,2021-10-11 00:09:04,-26.6481,15.1594,71.1,35,6,4.21,clear sky
77,Carnarvon,AU,2021-10-11 00:09:04,-24.8667,113.6333,68.07,68,0,18.41,clear sky
78,Saint George,US,2021-10-11 00:08:22,37.1041,-113.5841,74.62,27,1,4.0,clear sky
79,Yar-Sale,RU,2021-10-11 00:08:00,66.8333,70.8333,26.78,82,53,7.14,broken clouds
80,Havelock,US,2021-10-11 00:09:05,34.8791,-76.9013,73.92,88,57,1.99,broken clouds
81,Geraldton,AU,2021-10-11 00:08:09,-28.7667,114.6,58.12,82,40,5.75,scattered clouds
82,Hobart,AU,2021-10-11 00:06:49,-42.8794,147.3294,55.02,48,20,1.99,few clouds
83,Severo-Kurilsk,RU,2021-10-11 00:09:05,50.6789,156.125,50.81,94,100,18.14,moderate rain
84,Oussouye,SN,2021-10-11 00:09:06,12.485,-16.5469,79.9,82,72,4.61,broken clouds
85,Grindavik,IS,2021-10-11 00:09:06,63.8424,-22.4338,37.87,93,75,3.44,broken clouds
86,Barrow,US,2021-10-11 00:07:17,71.2906,-156.7887,26.62,80,75,8.05,broken clouds
87,Nanortalik,GL,2021-10-11 00:09:07,60.1432,-45.2371,36.41,64,3,1.72,clear sky
88,Tandil,AR,2021-10-11 00:09:07,-37.3217,-59.1332,58.3,73,100,1.01,overcast clouds
89,Wufeng,CN,2021-10-11 00:09:07,27.45,104.8333,47.12,96,100,2.08,overcast clouds
90,Klaksvik,FO,2021-10-11 00:07:06,62.2266,-6.589,43.72,82,98,12.15,overcast clouds
91,Namatanai,PG,2021-10-11 00:09:08,-3.6667,152.4333,84.13,70,31,3.09,light rain
92,Zeya,RU,2021-10-11 00:09:08,53.75,127.2667,41.61,56,4,4.05,clear sky
93,Pangai,TO,2021-10-11 00:09:09,-19.8,-174.35,72.88,84,100,4.25,heavy intensity rain
94,Great Falls,US,2021-10-11 00:04:21,47.5002,-111.3008,59.59,25,1,13.0,clear sky
95,Taquaritinga,BR,2021-10-11 00:09:09,-21.4061,-48.5047,66.63,90,100,7.72,overcast clouds
96,Sisimiut,GL,2021-10-11 00:09:09,66.9395,-53.6735,33.44,80,98,4.85,overcast clouds
97,Bredasdorp,ZA,2021-10-11 00:06:56,-34.5322,20.0403,57.27,78,85,3.29,overcast clouds
98,Itaituba,BR,2021-10-11 00:09:10,-4.2761,-55.9836,85.19,53,87,1.99,overcast clouds
99,Novo Cruzeiro,BR,2021-10-11 00:09:10,-17.4681,-41.8753,63.45,96,89,3.78,overcast clouds
100,Guerrero Negro,MX,2021-10-11 00:09:11,27.9769,-114.0611,75.07,59,0,15.99,clear sky
101,Husavik,IS,2021-10-11 00:06:53,66.0449,-17.3389,34.93,96,100,2.57,light rain
102,Tuatapere,NZ,2021-10-11 00:09:11,-46.1333,167.6833,47.82,95,100,4.21,moderate rain
103,Sitka,US,2021-10-11 00:09:12,57.0531,-135.33,49.89,76,75,3.44,broken clouds
104,Gari,RU,2021-10-11 00:09:12,59.4307,62.3497,25.68,74,80,6.04,broken clouds
105,Chuy,UY,2021-10-11 00:09:12,-33.6971,-53.4616,60.6,78,97,13.8,overcast clouds
106,Hermanus,ZA,2021-10-11 00:09:13,-34.4187,19.2345,63.9,62,98,7.49,overcast clouds
107,Bengkulu,ID,2021-10-11 00:09:13,-3.8004,102.2655,76.06,90,92,5.26,overcast clouds
108,Cherskiy,RU,2021-10-11 00:09:13,68.75,161.3,10.99,91,71,5.14,broken clouds
109,Saskylakh,RU,2021-10-11 00:09:14,71.9167,114.0833,23.13,96,100,8.63,overcast clouds
110,Stavern,NO,2021-10-11 00:09:14,59.0,10.0333,50.74,90,26,22.32,scattered clouds
111,Waverly,US,2021-10-11 00:07:49,42.7392,-84.6208,73.33,85,1,5.75,clear sky
112,Bac Lieu,VN,2021-10-11 00:09:14,9.285,105.7244,80.24,86,100,9.84,light rain
113,Nueva Concepcion,GT,2021-10-11 00:09:15,14.2,-91.3,85.17,91,99,4.76,overcast clouds
114,Humaita,BR,2021-10-11 00:09:15,-7.5061,-63.0208,81.82,60,38,1.81,scattered clouds
115,Nabire,ID,2021-10-11 00:09:16,-3.3667,135.4833,83.75,75,94,0.58,overcast clouds
116,Yulara,AU,2021-10-11 00:09:16,-25.2406,130.9889,62.44,51,2,17.27,clear sky
117,Mirnyy,RU,2021-10-11 00:09:16,62.5353,113.9611,29.28,79,97,14.25,overcast clouds
118,Lagoa,PT,2021-10-11 00:08:10,39.05,-27.9833,70.39,89,100,21.79,overcast clouds
119,Tiksi,RU,2021-10-11 00:09:17,71.6872,128.8694,29.21,97,100,8.1,light snow
120,Kapaa,US,2021-10-11 00:08:01,22.0752,-159.319,84.18,71,20,5.01,light rain
121,Rawson,AR,2021-10-11 00:09:17,-43.3002,-65.1023,61.97,52,18,5.68,few clouds
122,Egvekinot,RU,2021-10-11 00:09:17,66.3167,-179.1667,20.71,83,91,6.22,overcast clouds
123,Victoria,HK,2021-10-11 00:09:18,22.2855,114.1577,83.32,80,87,1.01,overcast clouds
124,Kearney,US,2021-10-11 00:06:27,40.6995,-99.0815,64.96,44,1,3.0,clear sky
125,Saldanha,ZA,2021-10-11 00:09:18,-33.0117,17.9442,61.7,49,89,8.16,overcast clouds
126,West Wendover,US,2021-10-11 00:05:57,40.7391,-114.0733,60.01,27,0,6.76,clear sky
127,Lazaro Cardenas,MX,2021-10-11 00:09:19,17.9583,-102.2,81.27,84,69,7.09,broken clouds
128,Miandrivazo,MG,2021-10-11 00:09:19,-19.5167,45.4667,76.37,69,34,2.44,scattered clouds
129,Katsuura,JP,2021-10-11 00:09:05,35.1333,140.3,80.19,68,48,14.76,scattered clouds
130,Ancud,CL,2021-10-11 00:09:20,-41.8697,-73.8203,50.43,88,100,6.26,overcast clouds
131,Zhigansk,RU,2021-10-11 00:09:20,66.7697,123.3711,32.5,97,100,13.33,overcast clouds
132,Najran,SA,2021-10-11 00:09:21,17.4924,44.1277,70.18,30,26,4.38,scattered clouds
133,Qaanaaq,GL,2021-10-11 00:06:15,77.484,-69.3632,29.79,86,100,8.39,overcast clouds
134,Sabinas,MX,2021-10-11 00:09:21,27.85,-101.1167,93.52,30,3,8.03,clear sky
135,Sao Filipe,CV,2021-10-11 00:09:21,14.8961,-24.4956,80.28,73,0,3.51,clear sky
136,Areosa,PT,2021-10-11 00:09:22,41.7178,-8.8571,69.24,53,65,7.54,broken clouds
137,Lavrentiya,RU,2021-10-11 00:09:22,65.5833,-171.0,30.67,79,54,3.47,broken clouds
138,Sayyan,YE,2021-10-11 00:09:23,15.1718,44.3244,59.34,42,73,9.35,broken clouds
139,Georgetown,MY,2021-10-11 00:06:17,5.4112,100.3354,79.9,88,20,0.0,light rain
140,Tubuala,PA,2021-10-11 00:09:23,9.5167,-79.0333,80.33,84,100,3.85,overcast clouds
141,Provideniya,RU,2021-10-11 00:09:23,64.3833,-173.3,33.91,80,90,6.71,overcast clouds
142,Hasaki,JP,2021-10-11 00:09:24,35.7333,140.8333,77.29,67,35,15.12,scattered clouds
143,Lebu,CL,2021-10-11 00:08:14,-37.6167,-73.65,50.52,88,9,13.24,clear sky
144,New Norfolk,AU,2021-10-11 00:09:24,-42.7826,147.0587,53.92,37,85,4.72,overcast clouds
145,Bandarbeyla,SO,2021-10-11 00:09:25,9.4942,50.8122,78.91,86,82,21.9,broken clouds
146,Ulladulla,AU,2021-10-11 00:09:25,-35.35,150.4667,59.88,56,100,11.81,overcast clouds
147,Nikolskoye,RU,2021-10-11 00:09:25,59.7035,30.7861,50.4,70,12,8.59,light rain
148,Ust-Tsilma,RU,2021-10-11 00:09:26,65.441,52.1498,34.34,99,100,3.62,light rain
149,Cabo San Lucas,MX,2021-10-11 00:09:26,22.8909,-109.9124,91.62,72,1,1.01,clear sky
150,Butaritari,KI,2021-10-11 00:06:16,3.0707,172.7902,81.75,65,31,8.68,scattered clouds
151,Srednekolymsk,RU,2021-10-11 00:09:26,67.45,153.6833,19.76,76,29,2.91,scattered clouds
152,Awjilah,LY,2021-10-11 00:09:27,29.1081,21.2869,75.97,30,0,7.2,clear sky
153,Saint-Michel-Des-Saints,CA,2021-10-11 00:09:27,46.6834,-73.9159,55.94,96,96,4.23,overcast clouds
154,Kidal,ML,2021-10-11 00:09:27,18.4411,1.4078,84.65,10,98,9.4,overcast clouds
155,Plettenberg Bay,ZA,2021-10-11 00:09:28,-34.0527,23.3716,61.5,52,69,5.7,broken clouds
156,Banjar,ID,2021-10-11 00:09:28,-8.19,114.9675,76.91,68,62,5.93,broken clouds
157,Mezhdurechensk,RU,2021-10-11 00:09:29,53.6942,88.0603,42.42,90,100,7.49,light rain
158,Jalu,LY,2021-10-11 00:09:29,29.0331,21.5482,75.36,32,0,6.89,clear sky
159,San Javier,ES,2021-10-11 00:09:29,37.8063,-0.8374,71.31,66,40,8.05,scattered clouds
160,Camana,PE,2021-10-11 00:09:30,-16.6228,-72.7111,63.75,85,80,7.61,broken clouds
161,East London,ZA,2021-10-11 00:09:30,-33.0153,27.9116,59.4,68,13,18.57,few clouds
162,Turukhansk,RU,2021-10-11 00:09:30,65.8167,87.9833,25.88,75,100,11.32,overcast clouds
163,Beringovskiy,RU,2021-10-11 00:09:31,63.05,179.3167,28.53,85,96,12.01,overcast clouds
164,Laje,BR,2021-10-11 00:09:31,-10.1833,-40.9667,78.87,29,89,2.86,overcast clouds
165,Guiratinga,BR,2021-10-11 00:09:31,-16.3494,-53.7583,77.88,72,89,7.52,overcast clouds
166,Faanui,PF,2021-10-11 00:09:32,-16.4833,-151.75,79.79,74,44,12.84,scattered clouds
167,Thinadhoo,MV,2021-10-11 00:09:32,0.5333,72.9333,83.07,67,98,15.23,overcast clouds
168,Olafsvik,IS,2021-10-11 00:09:32,64.8945,-23.7142,40.32,60,19,1.39,few clouds
169,Vicuna,CL,2021-10-11 00:09:33,-30.0319,-70.7081,66.78,31,2,2.13,clear sky
170,Sohag,EG,2021-10-11 00:09:33,26.557,31.6948,82.8,21,21,5.44,few clouds
171,Cidreira,BR,2021-10-11 00:09:33,-30.1811,-50.2056,64.99,80,99,20.2,overcast clouds
172,Pangnirtung,CA,2021-10-11 00:09:34,66.1451,-65.7125,28.4,100,75,0.0,fog
173,Okha,RU,2021-10-11 00:09:34,53.5739,142.9478,46.76,91,100,29.55,moderate rain
174,Ostrovnoy,RU,2021-10-11 00:09:34,68.0531,39.5131,42.91,94,100,3.96,overcast clouds
175,Norman Wells,CA,2021-10-11 00:09:35,65.282,-126.8329,31.03,87,96,6.98,overcast clouds
176,Nhulunbuy,AU,2021-10-11 00:09:35,-12.2333,136.7667,84.81,65,40,10.36,scattered clouds
177,Maceio,BR,2021-10-11 00:06:19,-9.6658,-35.7353,77.77,77,100,11.41,overcast clouds
178,Ginir,ET,2021-10-11 00:09:36,7.1333,40.7,59.86,82,95,2.13,overcast clouds
179,Nushki,PK,2021-10-11 00:09:36,29.5542,66.0215,50.63,25,0,1.07,clear sky
180,Krasnyy Gulyay,RU,2021-10-11 00:09:36,54.0282,48.3333,41.27,77,73,4.18,broken clouds
181,Verkhnevilyuysk,RU,2021-10-11 00:09:37,63.4453,120.3167,31.21,87,99,13.33,light snow
182,Temnikov,RU,2021-10-11 00:09:37,54.6302,43.2148,41.22,92,16,3.83,few clouds
183,Gushikawa,JP,2021-10-11 00:09:37,26.3544,127.8686,83.43,86,1,21.85,light rain
184,Ancona,IT,2021-10-11 00:06:12,43.55,13.1667,56.34,56,100,5.01,light rain
185,Aksu,CN,2021-10-11 00:08:31,41.1231,80.2644,48.38,31,100,1.16,overcast clouds
186,Esso,RU,2021-10-11 00:09:38,55.9333,158.7,31.1,84,100,7.94,overcast clouds
187,Yelizovo,RU,2021-10-11 00:09:38,53.1873,158.3805,39.34,100,90,22.37,shower sleet
188,Meulaboh,ID,2021-10-11 00:09:39,4.1363,96.1285,76.17,86,100,3.0,overcast clouds
189,Kavaratti,IN,2021-10-11 00:09:39,10.5669,72.642,82.11,81,99,15.12,overcast clouds
190,Constitucion,CL,2021-10-11 00:09:39,-35.3333,-72.4167,53.69,82,0,12.17,clear sky
191,Ust-Nera,RU,2021-10-11 00:09:40,64.5667,143.2,26.2,60,72,3.36,broken clouds
192,Xianyang,CN,2021-10-11 00:09:40,34.3378,108.7026,47.66,81,100,2.21,overcast clouds
193,Port Elizabeth,ZA,2021-10-11 00:05:57,-33.918,25.5701,51.1,76,38,10.83,scattered clouds
194,Vestmanna,FO,2021-10-11 00:09:41,62.1564,-7.1664,41.92,93,90,1.14,drizzle
195,Vila Velha,BR,2021-10-11 00:09:41,-20.3297,-40.2925,67.95,100,90,2.3,mist
196,Kaitangata,NZ,2021-10-11 00:09:41,-46.2817,169.8464,53.67,76,100,5.75,overcast clouds
197,Mugur-Aksy,RU,2021-10-11 00:09:42,50.35,90.5,22.73,75,100,4.79,overcast clouds
198,Mayo,US,2021-10-11 00:09:42,38.8876,-76.5119,69.84,91,90,5.99,overcast clouds
199,Madang,PG,2021-10-11 00:09:42,-5.2246,145.7966,80.22,77,100,2.77,overcast clouds
200,Simao,CN,2021-10-11 00:09:43,22.7886,100.9748,64.26,90,100,2.98,overcast clouds
201,Mahibadhoo,MV,2021-10-11 00:09:43,3.7833,72.9667,82.6,77,73,17.07,broken clouds
202,Dandong,CN,2021-10-11 00:09:43,40.1292,124.3947,51.01,66,11,7.05,few clouds
203,Pouebo,NC,2021-10-11 00:09:44,-20.4,164.5667,78.48,53,19,10.89,few clouds
204,Mayumba,GA,2021-10-11 00:09:44,-3.432,10.6554,75.42,86,100,6.96,overcast clouds
205,Kautokeino,NO,2021-10-11 00:09:44,69.0125,23.0412,37.71,98,100,4.59,overcast clouds
206,Luang Prabang,LA,2021-10-11 00:09:45,19.8856,102.1347,73.53,100,100,1.21,overcast clouds
207,San Andres,CO,2021-10-11 00:09:45,12.5847,-81.7006,84.22,79,75,9.22,broken clouds
208,Megion,RU,2021-10-11 00:09:45,61.0296,76.1136,26.62,73,12,7.67,few clouds
209,Ranong,TH,2021-10-11 00:09:46,9.9658,98.6348,79.7,88,98,15.68,moderate rain
210,Qaqortoq,GL,2021-10-11 00:09:29,60.7167,-46.0333,30.7,50,19,3.53,few clouds
211,Vaux-Sur-Sure,BE,2021-10-11 00:09:46,49.9115,5.5744,46.65,95,78,3.98,broken clouds
212,Vostok,RU,2021-10-11 00:09:47,46.4856,135.8833,38.52,82,100,14.34,overcast clouds
213,Ayan,RU,2021-10-11 00:09:47,56.45,138.1667,40.71,63,100,5.77,overcast clouds
214,Gimbi,ET,2021-10-11 00:09:47,9.1667,35.8333,55.78,96,100,1.45,light rain
215,Cabra,ES,2021-10-11 00:09:48,37.4725,-4.4421,63.9,64,95,3.11,overcast clouds
216,Quelimane,MZ,2021-10-11 00:09:48,-17.8786,36.8883,73.6,83,3,7.18,clear sky
217,Ikom,NG,2021-10-11 00:09:48,5.9667,8.7063,72.97,98,100,0.83,overcast clouds
218,Bambous Virieux,MU,2021-10-11 00:09:49,-20.3428,57.7575,71.22,92,97,8.61,light rain
219,Acarau,BR,2021-10-11 00:09:49,-2.8856,-40.12,79.52,76,6,17.85,clear sky
220,Coihaique,CL,2021-10-11 00:09:49,-45.5752,-72.0662,49.95,71,75,3.44,light rain
221,Dorado,PR,2021-10-11 00:09:50,18.4588,-66.2677,81.48,97,26,11.07,scattered clouds
222,Piacabucu,BR,2021-10-11 00:09:50,-10.4056,-36.4344,76.42,79,74,10.89,broken clouds
223,Wattegama,LK,2021-10-11 00:09:50,6.7989,81.4808,76.42,78,100,6.85,overcast clouds
224,Nevelsk,RU,2021-10-11 00:09:51,46.6733,141.8633,50.43,63,97,24.16,overcast clouds
225,Talaya,RU,2021-10-11 00:09:51,61.3833,152.75,16.83,67,4,1.36,clear sky
226,Barra Da Estiva,BR,2021-10-11 00:09:51,-13.6261,-41.3269,67.93,80,29,8.7,scattered clouds
227,Saint-Denis,FR,2021-10-11 00:09:52,48.9167,2.3333,56.08,90,90,3.44,mist
228,Sioux Lookout,CA,2021-10-11 00:06:26,50.1001,-91.917,59.38,93,94,8.19,overcast clouds
229,Sandeid,NO,2021-10-11 00:09:52,59.5449,5.8636,51.71,86,98,13.56,light rain
230,Mount Gambier,AU,2021-10-11 00:09:53,-37.8333,140.7667,53.8,49,93,7.85,overcast clouds
231,Osijek,HR,2021-10-11 00:07:23,45.5511,18.6939,48.11,87,90,11.5,light intensity drizzle
232,Ningbo,CN,2021-10-11 00:09:53,29.8782,121.5495,77.59,86,33,5.77,light rain
233,Patos,BR,2021-10-11 00:06:01,-7.0244,-37.28,82.29,56,34,12.86,scattered clouds
234,Charcas,MX,2021-10-11 00:09:54,23.1333,-101.1167,76.35,34,4,5.26,clear sky
235,Bonnyville,CA,2021-10-11 00:09:54,54.2668,-110.735,44.76,81,98,8.39,overcast clouds
236,Astoria,US,2021-10-11 00:09:54,46.1879,-123.8313,56.55,76,40,5.01,scattered clouds
237,Ambilobe,MG,2021-10-11 00:09:55,-13.2,49.05,71.55,65,53,3.04,broken clouds
238,Vila,PT,2021-10-11 00:09:55,42.0304,-8.1588,53.71,65,75,4.74,broken clouds
239,Thoen,TH,2021-10-11 00:09:55,17.6129,99.2161,74.08,99,100,1.63,overcast clouds
240,Sakakah,SA,2021-10-11 00:09:56,29.9697,40.2064,77.18,19,2,6.44,clear sky
241,Maple Creek,CA,2021-10-11 00:09:56,49.9168,-109.4848,60.1,26,27,22.77,scattered clouds
242,Vila Franca Do Campo,PT,2021-10-11 00:09:56,37.7167,-25.4333,70.21,88,100,10.94,overcast clouds
243,Karmala,IN,2021-10-11 00:09:57,18.4167,75.2,74.37,72,79,2.26,broken clouds
244,Auki,SB,2021-10-11 00:09:57,-8.7676,160.7034,81.12,78,100,3.33,overcast clouds
245,Fortuna,US,2021-10-11 00:09:57,40.5982,-124.1573,62.19,67,64,4.0,broken clouds
246,Chipinge,ZW,2021-10-11 00:09:58,-20.1883,32.6236,54.05,87,100,5.5,overcast clouds
247,Namibe,AO,2021-10-11 00:09:58,-15.1961,12.1522,68.79,87,77,1.7,broken clouds
248,Talnakh,RU,2021-10-11 00:09:59,69.4865,88.3972,23.29,95,96,8.28,light snow
249,La Ronge,CA,2021-10-11 00:09:59,55.1001,-105.2842,49.44,57,100,6.04,overcast clouds
250,Cochrane,CA,2021-10-11 00:10:00,51.1834,-114.4687,36.86,10,100,8.66,overcast clouds
251,Hailey,US,2021-10-11 00:10:00,43.5196,-114.3153,55.26,42,40,9.22,scattered clouds
252,Sawtell,AU,2021-10-11 00:10:00,-30.3833,153.1,68.18,88,75,5.75,broken clouds
253,Kalmunai,LK,2021-10-11 00:09:17,7.4167,81.8167,79.77,78,99,3.36,light rain
254,Mar Del Plata,AR,2021-10-11 00:06:17,-38.0023,-57.5575,58.08,60,40,10.0,scattered clouds
255,Asyut,EG,2021-10-11 00:10:01,27.181,31.1837,82.31,25,52,5.84,broken clouds
256,Kavieng,PG,2021-10-11 00:10:02,-2.5744,150.7967,84.13,69,54,6.33,broken clouds
257,Lahaina,US,2021-10-11 00:10:03,20.8783,-156.6825,83.95,82,11,11.77,few clouds
258,Fairbanks,US,2021-10-11 00:10:03,64.8378,-147.7164,37.6,94,90,5.75,light rain
259,Verkhnyaya Inta,RU,2021-10-11 00:10:04,65.9811,60.3094,29.48,59,90,8.05,overcast clouds
260,Vestmannaeyjar,IS,2021-10-11 00:10:05,63.4427,-20.2734,42.57,72,39,12.08,scattered clouds
261,Mahebourg,MU,2021-10-11 00:10:05,-20.4081,57.7,71.26,91,96,8.9,light rain
262,Qianguo,CN,2021-10-11 00:05:37,45.1171,124.8568,47.7,46,0,9.42,clear sky
263,Souillac,MU,2021-10-11 00:10:06,-20.5167,57.5167,71.37,93,92,8.37,moderate rain
264,Taltal,CL,2021-10-11 00:10:07,-25.4,-70.4833,64.96,52,6,4.56,clear sky
265,Beloha,MG,2021-10-11 00:08:18,-25.1667,45.05,67.46,82,52,13.38,light rain
266,Honiara,SB,2021-10-11 00:10:07,-9.4333,159.95,84.65,75,89,5.44,overcast clouds
267,Yuanping,CN,2021-10-11 00:10:08,38.7153,112.7575,43.99,45,53,1.74,broken clouds
268,Maxixe,MZ,2021-10-11 00:10:08,-23.8597,35.3472,68.18,59,26,15.93,scattered clouds
269,High Prairie,CA,2021-10-11 00:10:08,55.4334,-116.4858,46.18,36,45,8.46,scattered clouds
270,Mansehra,PK,2021-10-11 00:10:09,34.3333,73.2,58.12,86,100,7.67,overcast clouds
271,Ternate,ID,2021-10-11 00:10:09,0.8,127.4,83.39,76,94,5.44,overcast clouds
272,Port Hardy,CA,2021-10-11 00:10:10,50.6996,-127.4199,49.5,76,89,8.95,light rain
273,Nizhneangarsk,RU,2021-10-11 00:10:10,55.7833,109.55,38.16,83,97,5.99,light rain
274,General Roca,AR,2021-10-11 00:10:10,-39.0333,-67.5833,73.8,17,14,8.81,few clouds
275,Eureka,US,2021-10-11 00:08:59,40.8021,-124.1637,61.66,70,46,8.01,scattered clouds
276,Nenjiang,CN,2021-10-11 00:10:11,49.1833,125.2167,44.8,68,0,11.63,clear sky
277,Batagay-Alyta,RU,2021-10-11 00:10:11,67.8006,130.4114,24.85,80,98,2.26,overcast clouds
278,Iqaluit,CA,2021-10-11 00:10:12,63.7506,-68.5145,32.7,86,41,1.99,scattered clouds
279,Monterey,US,2021-10-11 00:10:12,36.2505,-121.2516,78.06,44,0,12.68,clear sky
280,Pevek,RU,2021-10-11 00:10:12,69.7008,170.3133,23.61,92,100,5.19,light snow
281,Grand Gaube,MU,2021-10-11 00:10:13,-20.0064,57.6608,71.38,92,99,5.01,light rain
282,Vagamo,NO,2021-10-11 00:10:13,61.8751,9.0967,42.24,83,100,4.99,overcast clouds
283,Greymouth,NZ,2021-10-11 00:10:13,-42.4667,171.2,54.32,80,100,12.8,moderate rain
284,Llanes,ES,2021-10-11 00:10:14,43.4198,-4.7549,55.27,70,83,8.41,broken clouds
285,Roald,NO,2021-10-11 00:10:14,62.5833,6.1333,51.17,93,90,11.5,light rain
286,Lovozero,RU,2021-10-11 00:10:15,68.005,35.0117,40.96,97,100,1.83,overcast clouds
287,Onega,RU,2021-10-11 00:10:15,63.9061,38.1404,49.62,93,100,12.03,overcast clouds
288,Sosnovo-Ozerskoye,RU,2021-10-11 00:10:15,52.5249,111.5418,31.84,68,3,4.54,clear sky
289,Mungaa,TZ,2021-10-11 00:10:16,-4.9667,34.8833,63.64,65,76,11.45,broken clouds
290,Lloydminster,CA,2021-10-11 00:10:16,53.2835,-110.0016,45.21,77,34,18.5,scattered clouds
291,Bom Jesus,BR,2021-10-11 00:10:16,-9.0744,-44.3586,82.65,32,98,3.58,overcast clouds
292,Anshun,CN,2021-10-11 00:10:17,26.25,105.9333,55.74,92,100,9.93,overcast clouds
293,Dinguiraye,GN,2021-10-11 00:10:17,11.3,-10.7167,73.71,85,94,2.26,overcast clouds
294,Natal,BR,2021-10-11 00:09:40,-5.795,-35.2094,78.46,73,30,11.34,scattered clouds
295,Ayolas,PY,2021-10-11 00:10:17,-27.4,-56.9,68.05,94,70,5.84,light rain
296,Nemuro,JP,2021-10-11 00:10:18,43.3236,145.575,59.43,92,100,15.12,overcast clouds
297,Mehamn,NO,2021-10-11 00:09:07,71.0357,27.8492,44.69,87,100,5.46,overcast clouds
298,Berlevag,NO,2021-10-11 00:08:22,70.8578,29.0864,44.08,88,100,7.45,overcast clouds
299,San Patricio,US,2021-10-11 00:10:18,28.017,-97.5169,86.05,73,40,18.66,scattered clouds
300,Robe,AU,2021-10-11 00:10:19,-37.1833,139.75,53.55,49,90,8.79,overcast clouds
301,Weligama,LK,2021-10-11 00:10:19,5.9667,80.4167,78.26,88,88,12.71,overcast clouds
302,Fonte Boa,BR,2021-10-11 00:10:19,-2.4959,-66.2662,78.57,80,31,0.81,scattered clouds
303,Wanaka,NZ,2021-10-11 00:10:20,-44.7,169.15,55.11,58,100,8.01,heavy intensity rain
304,Slave Lake,CA,2021-10-11 00:07:43,55.2834,-114.769,46.15,40,76,11.45,broken clouds
305,Pisco,PE,2021-10-11 00:06:56,-13.7,-76.2167,62.65,82,0,8.05,clear sky
306,Andros Town,BS,2021-10-11 00:10:20,24.7,-77.7667,75.16,62,67,3.56,broken clouds
307,Manokwari,ID,2021-10-11 00:10:21,-0.8667,134.0833,83.86,66,96,3.6,overcast clouds
308,Roseburg,US,2021-10-11 00:10:21,43.2165,-123.3417,60.64,54,90,8.05,overcast clouds
309,Rapallo,IT,2021-10-11 00:10:21,44.3511,9.2297,58.87,77,0,4.0,clear sky
310,Irati,BR,2021-10-11 00:10:22,-25.4672,-50.6511,57.02,97,99,5.14,overcast clouds
311,Carbonia,IT,2021-10-11 00:10:22,39.1672,8.5222,58.01,71,0,5.19,clear sky
312,Buala,SB,2021-10-11 00:10:23,-8.145,159.5921,84.88,71,83,5.35,broken clouds
313,Saint-Augustin,CA,2021-10-11 00:10:23,51.226,-58.6502,50.11,69,39,2.89,scattered clouds
314,Arraial Do Cabo,BR,2021-10-11 00:10:24,-22.9661,-42.0278,67.73,85,100,21.79,light rain
315,Kaspiyskiy,RU,2021-10-11 00:10:24,45.3929,47.3707,51.94,60,27,9.42,scattered clouds
316,Hervey Bay,AU,2021-10-11 00:10:24,-25.2986,152.8535,82.04,65,11,13.85,few clouds
317,Tel Aviv-Yafo,IL,2021-10-11 00:10:25,32.0805,34.7805,71.69,76,0,3.44,clear sky
318,Aquiraz,BR,2021-10-11 00:10:25,-3.9014,-38.3911,84.22,63,9,12.77,clear sky
319,Bilibino,RU,2021-10-11 00:10:25,68.0546,166.4372,5.85,95,92,1.59,overcast clouds
320,Kupang,ID,2021-10-11 00:10:26,-10.1667,123.5833,83.5,60,79,3.69,broken clouds
321,Ettenheim,DE,2021-10-11 00:10:26,48.25,7.8167,47.93,82,4,1.68,clear sky
322,Gurlan,UZ,2021-10-11 00:10:27,41.8447,60.3919,39.27,41,2,5.26,clear sky
323,Arlit,NE,2021-10-11 00:10:27,18.7369,7.3853,83.79,10,32,8.72,scattered clouds
324,Peleduy,RU,2021-10-11 00:10:27,59.6289,112.7406,32.94,89,100,8.61,overcast clouds
325,Clyde River,CA,2021-10-11 00:10:28,70.4692,-68.5914,32.4,77,100,3.87,overcast clouds
326,Narsaq,GL,2021-10-11 00:10:28,60.9167,-46.05,30.42,47,19,2.42,few clouds
327,Port Hawkesbury,CA,2021-10-11 00:10:28,45.6169,-61.3485,55.58,85,96,1.01,overcast clouds
328,Prince Rupert,CA,2021-10-11 00:10:29,54.3161,-130.3201,44.69,93,90,4.61,moderate rain
329,Alamos,MX,2021-10-11 00:10:29,27.0167,-108.9333,89.71,38,0,7.29,clear sky
330,Iquitos,PE,2021-10-11 00:10:29,-3.7481,-73.2472,80.64,74,20,3.44,few clouds
331,Longyearbyen,SJ,2021-10-11 00:08:49,78.2186,15.6401,28.24,74,75,8.05,broken clouds
332,Wawa,NG,2021-10-11 00:10:30,9.9022,4.4192,77.31,77,100,5.55,overcast clouds
333,Iwanai,JP,2021-10-11 00:10:30,42.9744,140.5089,53.89,87,100,16.04,overcast clouds
334,Vracov,CZ,2021-10-11 00:10:30,48.9752,17.211,48.67,85,100,3.8,overcast clouds
335,Mago,RU,2021-10-11 00:10:31,53.2514,140.1822,43.03,92,100,14.76,moderate rain
336,Imeni Zhelyabova,RU,2021-10-11 00:10:31,58.9544,36.5956,40.71,82,21,6.96,few clouds
337,Hambantota,LK,2021-10-11 00:07:12,6.1241,81.1185,79.45,82,97,18.39,overcast clouds
338,Wynyard,AU,2021-10-11 00:10:32,-41.0,145.7167,56.98,41,5,4.27,clear sky
339,Alexandria,EG,2021-10-11 00:08:34,31.2156,29.9553,74.89,68,0,9.31,clear sky
340,Pacific Grove,US,2021-10-11 00:10:32,36.6177,-121.9166,79.99,77,1,1.99,clear sky
341,Pervomayskoye,RU,2021-10-11 00:10:33,43.919,46.7102,57.34,71,86,11.9,overcast clouds
342,Batagay,RU,2021-10-11 00:10:33,67.6333,134.6333,31.89,75,100,5.82,overcast clouds
343,Chegdomyn,RU,2021-10-11 00:10:33,51.1167,133.0167,38.5,81,100,5.66,overcast clouds
344,Katherine,AU,2021-10-11 00:10:34,-14.4667,132.2667,86.32,62,75,9.22,broken clouds
345,Baruun-Urt,MN,2021-10-11 00:10:34,46.6806,113.2792,35.87,45,0,10.47,clear sky
346,Maldonado,UY,2021-10-11 00:06:50,-34.6667,-54.9167,60.22,81,100,12.97,overcast clouds
347,El Cocuy,CO,2021-10-11 00:10:34,6.4078,-72.4446,53.47,94,100,0.56,overcast clouds
348,Kijang,KR,2021-10-11 00:10:35,35.2442,129.2139,72.88,87,97,13.62,overcast clouds
349,Mangrol,IN,2021-10-11 00:10:35,21.1167,70.1167,81.77,76,39,2.26,scattered clouds
350,Salalah,OM,2021-10-11 00:10:35,17.0151,54.0924,80.69,78,75,3.44,broken clouds
351,Makat,KZ,2021-10-11 00:10:36,47.6469,53.3463,47.73,45,1,6.55,clear sky
352,Cockburn Town,TC,2021-10-11 00:10:36,21.4612,-71.1419,82.36,69,40,9.22,scattered clouds
353,Komsomolskiy,UZ,2021-10-11 00:10:37,40.4272,71.7189,42.22,75,13,2.3,few clouds
354,Vahan,AM,2021-10-11 00:10:37,40.5755,45.3977,37.74,88,2,2.01,clear sky
355,Vanimo,PG,2021-10-11 00:10:37,-2.6741,141.3028,82.04,82,99,3.96,overcast clouds
356,Tuktoyaktuk,CA,2021-10-11 00:10:38,69.4541,-133.0374,30.0,76,98,5.66,overcast clouds
357,Cayenne,GF,2021-10-11 00:10:38,4.9333,-52.3333,83.08,81,0,3.0,clear sky
358,Lata,PT,2021-10-11 00:10:38,40.1629,-8.3327,66.06,55,13,4.92,few clouds
359,Tual,ID,2021-10-11 00:07:19,-5.6667,132.75,82.81,75,95,3.27,overcast clouds
360,Waipawa,NZ,2021-10-11 00:10:39,-41.4122,175.5153,59.45,57,58,19.66,broken clouds
361,Kourou,GF,2021-10-11 00:10:39,5.1552,-52.6478,83.1,85,77,9.69,light rain
362,Kutum,SD,2021-10-11 00:10:40,14.2,24.6667,83.1,20,89,10.63,overcast clouds
363,Kyaikkami,MM,2021-10-11 00:10:40,16.08,97.5675,79.72,87,98,8.1,overcast clouds
364,Quatre Cocos,MU,2021-10-11 00:10:40,-20.2078,57.7625,71.1,92,98,8.05,light rain
365,Pijijiapan,MX,2021-10-11 00:10:41,15.7011,-93.23,79.97,87,59,1.86,broken clouds
366,Hadishahr,AZ,2021-10-11 00:10:41,38.8431,45.6635,45.09,68,0,4.43,clear sky
367,Sabang,ID,2021-10-11 00:10:41,5.8933,95.3214,82.24,78,67,23.44,light rain
368,Vryburg,ZA,2021-10-11 00:10:42,-26.9566,24.7284,64.18,59,1,11.7,clear sky
369,Carson City,US,2021-10-11 00:10:42,39.1638,-119.7674,71.44,22,1,10.0,clear sky
370,Hami,CN,2021-10-11 00:09:40,42.8,93.45,45.5,27,2,5.41,clear sky
371,Green River,US,2021-10-11 00:10:42,41.5286,-109.4662,54.0,39,2,7.0,clear sky
372,Teluknaga,ID,2021-10-11 00:10:43,-6.0989,106.6381,83.62,83,40,5.75,scattered clouds
373,Hailar,CN,2021-10-11 00:10:43,49.2,119.7,40.14,69,0,8.03,clear sky
374,Dawson Creek,CA,2021-10-11 00:10:44,55.7666,-120.2362,40.64,65,75,16.11,broken clouds
375,Kodiak,US,2021-10-11 00:06:50,57.79,-152.4072,45.45,69,100,9.48,overcast clouds
376,Ugoofaaru,MV,2021-10-11 00:10:44,5.6667,73.0,82.9,78,66,18.59,broken clouds
377,Benjamin Aceval,PY,2021-10-11 00:10:44,-24.9667,-57.5667,75.34,95,83,4.85,broken clouds
378,Yarada,IN,2021-10-11 00:10:45,17.65,83.2667,80.92,94,40,4.61,mist
379,Bathsheba,BB,2021-10-11 00:06:54,13.2167,-59.5167,81.81,78,100,18.1,overcast clouds
380,Hamilton,US,2021-10-11 00:07:03,39.1834,-84.5333,77.09,75,1,1.01,clear sky
381,Boa Vista,BR,2021-10-11 00:10:45,2.8197,-60.6733,76.3,88,86,3.67,moderate rain
382,Kiri Buru,IN,2021-10-11 00:10:46,22.0833,85.35,69.71,83,35,1.7,scattered clouds
383,Kotelnikovo,RU,2021-10-11 00:10:46,47.6317,43.1461,44.58,60,31,7.96,scattered clouds
384,Olhao,PT,2021-10-11 00:10:46,37.0286,-7.8411,67.89,68,0,8.05,clear sky
385,Fukue,JP,2021-10-11 00:10:47,32.6881,128.8419,78.85,72,12,6.93,few clouds
386,Codrington,AU,2021-10-11 00:07:46,-38.2667,141.9667,53.31,56,74,11.03,broken clouds
387,Kamenka,RU,2021-10-11 00:10:47,51.3223,42.7678,41.4,63,0,4.81,clear sky
388,Utete,TZ,2021-10-11 00:10:47,-7.986,38.758,71.65,92,93,1.25,overcast clouds
389,Mpika,ZM,2021-10-11 00:10:48,-11.8343,31.4529,65.41,46,44,6.24,scattered clouds
390,Aklavik,CA,2021-10-11 00:10:48,68.2191,-135.0107,30.92,79,100,6.31,overcast clouds
391,Gambela,ET,2021-10-11 00:10:48,8.25,34.5833,71.35,92,99,2.66,light rain
392,Anadyr,RU,2021-10-11 00:10:49,64.75,177.4833,23.5,92,75,5.99,broken clouds
393,Puerto Quijarro,BO,2021-10-11 00:06:35,-17.7833,-57.7667,86.79,48,49,3.06,moderate rain
394,Umm Kaddadah,SD,2021-10-11 00:10:49,13.6017,26.6876,90.37,18,91,11.16,overcast clouds
395,Faya,SA,2021-10-11 00:10:50,18.3851,42.4509,63.12,32,32,8.39,scattered clouds
396,Kruisfontein,ZA,2021-10-11 00:09:13,-34.0033,24.7314,48.88,74,37,6.04,scattered clouds
397,Hatsukaichi,JP,2021-10-11 00:10:50,34.35,132.3333,79.57,13,19,2.04,few clouds
398,Mlowo,TZ,2021-10-11 00:10:50,-9.0,32.9833,60.67,64,46,2.13,scattered clouds
399,Tateyama,JP,2021-10-11 00:10:51,34.9833,139.8667,81.14,69,32,15.46,scattered clouds
400,Altamont,US,2021-10-11 00:10:51,42.2068,-121.7372,56.77,48,1,4.0,clear sky
401,Salina Cruz,MX,2021-10-11 00:10:51,16.1667,-95.2,83.16,73,3,11.59,clear sky
402,Paidha,UG,2021-10-11 00:10:52,2.4167,30.9855,62.96,92,97,4.32,light rain
403,Ambon,ID,2021-10-11 00:10:52,-3.6954,128.1814,84.34,89,20,1.14,few clouds
404,Robertsport,LR,2021-10-11 00:10:52,6.7533,-11.3686,78.98,85,74,7.52,moderate rain
405,Liverpool,GB,2021-10-11 00:10:53,53.4106,-2.9779,55.81,81,75,5.99,broken clouds
406,Erzin,TR,2021-10-11 00:10:53,36.9559,36.2,72.0,39,1,2.51,clear sky
407,Eyl,SO,2021-10-11 00:10:54,7.9803,49.8164,78.62,84,70,13.51,broken clouds
408,Komsomolets,KZ,2021-10-11 00:10:54,53.7453,62.0708,37.15,96,100,2.82,light rain
409,Aykhal,RU,2021-10-11 00:10:54,66.0,111.5,17.69,93,100,17.25,light snow
410,Antalaha,MG,2021-10-11 00:10:55,-14.9003,50.2788,64.18,86,19,6.51,few clouds
411,Cam Ranh,VN,2021-10-11 00:10:55,11.9214,109.1591,78.76,89,40,0.0,scattered clouds
412,Te Anau,NZ,2021-10-11 00:07:21,-45.4167,167.7167,37.0,99,100,2.55,heavy intensity rain
413,Arkhangelsk,RU,2021-10-11 00:10:55,64.5401,40.5433,50.11,100,90,6.71,light rain
414,Grand-Santi,GF,2021-10-11 00:10:56,4.25,-54.3833,79.95,70,100,3.67,overcast clouds
415,Nuevo Imperial,PE,2021-10-11 00:10:56,-13.0754,-76.3172,63.63,86,76,3.94,broken clouds
416,Bonavista,CA,2021-10-11 00:10:57,48.6499,-53.1147,43.12,75,58,25.34,broken clouds
417,Isangel,VU,2021-10-11 00:06:36,-19.55,169.2667,78.49,61,3,9.73,clear sky
418,Ukiah,US,2021-10-11 00:10:57,39.1502,-123.2078,82.13,49,1,6.91,clear sky
419,Kawalu,ID,2021-10-11 00:10:58,-7.3817,108.2082,74.68,85,70,1.1,broken clouds
420,Saint-Pierre,RE,2021-10-11 00:10:58,-21.3393,55.4781,71.24,71,0,6.91,clear sky
421,Keti Bandar,PK,2021-10-11 00:07:40,24.1447,67.4497,79.5,80,0,10.65,clear sky
422,Marsh Harbour,BS,2021-10-11 00:10:58,26.5412,-77.0636,82.65,63,19,5.53,few clouds
423,Deputatskiy,RU,2021-10-11 00:10:59,69.3,139.9,21.88,81,100,3.27,overcast clouds
424,Matamoros,MX,2021-10-11 00:10:59,25.5333,-103.25,96.91,12,20,8.05,few clouds
425,Doha,QA,2021-10-11 00:10:42,25.2867,51.5333,82.38,58,0,5.75,clear sky
426,Bull Savanna,JM,2021-10-11 00:11:00,17.8868,-77.5902,77.58,75,50,6.46,scattered clouds
427,Paamiut,GL,2021-10-11 00:11:00,61.994,-49.6678,37.04,60,100,5.99,overcast clouds
428,Uyar,RU,2021-10-11 00:11:00,55.81,94.3153,35.42,99,100,3.09,light rain
429,Gadwal,IN,2021-10-11 00:11:01,16.2333,77.8,75.61,83,94,3.38,overcast clouds
430,Okhotsk,RU,2021-10-11 00:08:53,59.3833,143.3,27.19,76,25,12.82,scattered clouds
431,Fomboni,KM,2021-10-11 00:11:02,-12.28,43.7425,76.46,83,27,7.27,scattered clouds
432,Gorele,TR,2021-10-11 00:11:03,41.0308,39.0031,62.04,85,5,3.49,clear sky
433,Brae,GB,2021-10-11 00:11:03,60.3964,-1.353,46.31,77,53,21.9,broken clouds
434,Esperance,AU,2021-10-11 00:07:09,-33.8667,121.9,63.19,41,100,23.31,overcast clouds
435,Trinidad,BO,2021-10-11 00:11:03,-14.8333,-64.9,89.87,39,83,4.94,broken clouds
436,Vallenar,CL,2021-10-11 00:11:04,-28.5708,-70.7581,65.1,22,7,1.41,clear sky
437,Colac,AU,2021-10-11 00:11:04,-38.3333,143.5833,55.62,57,67,7.58,broken clouds
438,Pokhara,NP,2021-10-11 00:11:04,28.2333,83.9833,65.95,65,15,6.15,few clouds
439,Ust-Kuyga,RU,2021-10-11 00:11:05,70.0167,135.6,27.05,96,100,5.46,overcast clouds
440,Venice,US,2021-10-11 00:11:05,27.0998,-82.4543,81.0,75,1,3.0,clear sky
441,Puerto Leguizamo,CO,2021-10-11 00:11:05,-0.1934,-74.7819,74.75,93,62,1.01,broken clouds
442,Urengoy,RU,2021-10-11 00:11:06,65.9667,78.3667,25.86,77,37,9.55,scattered clouds
443,Chapleau,CA,2021-10-11 00:11:06,47.8405,-83.4034,62.2,93,100,11.86,overcast clouds
444,Trairi,BR,2021-10-11 00:10:11,-3.2778,-39.2689,79.43,72,5,11.61,clear sky
445,Magaria,NE,2021-10-11 00:11:07,12.9983,8.9099,83.1,21,100,2.86,overcast clouds
446,Kayerkan,RU,2021-10-11 00:11:07,69.3497,87.7602,22.33,94,100,8.5,light snow
447,Ransang,PH,2021-10-11 00:11:07,8.9603,117.5828,79.63,85,100,11.95,heavy intensity rain
448,Celestun,MX,2021-10-11 00:11:08,20.8667,-90.4,82.92,75,46,11.45,scattered clouds
449,Lar,IN,2021-10-11 00:11:08,26.2039,83.9717,72.86,73,2,1.66,clear sky
450,Ambunti,PG,2021-10-11 00:11:09,-4.2365,142.8448,81.19,74,98,0.83,overcast clouds
451,High Level,CA,2021-10-11 00:11:09,58.5169,-117.136,41.11,87,75,4.61,broken clouds
452,Altay,CN,2021-10-11 00:11:09,47.8667,88.1167,38.21,47,95,4.38,overcast clouds
453,Qurayyat,SA,2021-10-11 00:11:10,31.3318,37.3428,74.57,28,0,8.19,clear sky
454,Toppenish,US,2021-10-11 00:11:10,46.3774,-120.3087,62.85,37,19,17.36,few clouds
455,Walvis Bay,NA,2021-10-11 00:11:10,-22.9575,14.5053,59.09,72,0,5.99,clear sky
456,Alice Springs,AU,2021-10-11 00:11:11,-23.7,133.8833,54.95,88,75,9.22,broken clouds
457,Thaton,MM,2021-10-11 00:11:11,16.9206,97.3714,77.04,95,94,3.47,light rain
458,Baracoa,CU,2021-10-11 00:11:12,20.3467,-74.4958,79.48,82,48,2.19,scattered clouds
459,Syasstroy,RU,2021-10-11 00:11:12,60.1367,32.5691,44.38,77,50,11.86,light rain
460,Kamaishi,JP,2021-10-11 00:11:12,39.2667,141.8833,72.97,78,72,13.15,broken clouds
461,Sulangan,PH,2021-10-11 00:11:13,11.1373,123.7228,83.23,79,90,21.85,overcast clouds
462,Nelspruit,ZA,2021-10-11 00:11:13,-25.4745,30.9703,55.96,84,79,2.13,broken clouds
463,Sibolga,ID,2021-10-11 00:07:36,1.7427,98.7792,76.12,88,96,2.55,overcast clouds
464,Havoysund,NO,2021-10-11 00:11:14,70.9963,24.6622,43.68,89,100,9.86,overcast clouds
465,Barcelona,ES,2021-10-11 00:11:03,41.3888,2.159,64.54,83,20,1.01,few clouds
466,Sri Aman,MY,2021-10-11 00:11:14,1.2376,111.4621,78.91,90,98,0.49,overcast clouds
467,Tipitapa,NI,2021-10-11 00:11:15,12.1973,-86.0971,78.96,84,74,7.05,broken clouds
468,Abu Dhabi,AE,2021-10-11 00:08:03,24.4667,54.3667,86.02,62,0,4.61,clear sky
469,Sao Lourenco Do Sul,BR,2021-10-11 00:11:15,-31.3653,-51.9783,63.9,80,98,18.66,overcast clouds
470,Port Macquarie,AU,2021-10-11 00:08:23,-31.4333,152.9167,64.89,94,90,13.8,overcast clouds
471,Minab,IR,2021-10-11 00:11:16,27.1467,57.0801,84.88,16,0,14.16,clear sky
472,Rion,US,2021-10-11 00:11:16,34.3071,-81.1251,74.08,79,1,0.0,clear sky
473,Neiafu,TO,2021-10-11 00:11:16,-18.65,-173.9833,77.68,83,75,5.75,broken clouds
474,Along,IN,2021-10-11 00:11:17,28.1667,94.7667,69.1,92,30,1.57,scattered clouds
475,Gorontalo,ID,2021-10-11 00:11:17,0.5412,123.0595,84.42,71,92,2.62,overcast clouds
476,Nishihara,JP,2021-10-11 00:11:17,26.1842,127.7558,83.48,87,90,16.11,heavy intensity rain
477,Ahipara,NZ,2021-10-11 00:11:18,-35.1667,173.1667,61.18,60,91,9.84,overcast clouds
478,Rome,US,2021-10-11 00:11:17,34.257,-85.1647,73.0,89,1,0.0,clear sky
479,Mount Isa,AU,2021-10-11 00:10:35,-20.7333,139.5,67.77,100,90,11.5,overcast clouds
480,Huarmey,PE,2021-10-11 00:11:19,-10.0681,-78.1522,64.42,88,53,7.52,broken clouds
481,Bouake,CI,2021-10-11 00:11:19,7.6895,-5.0218,72.79,96,100,5.73,light rain
482,General Pico,AR,2021-10-11 00:11:19,-35.6566,-63.7568,60.96,77,98,4.36,overcast clouds
483,Kirishi,RU,2021-10-11 00:11:20,59.4471,32.0205,46.76,76,10,8.16,clear sky
484,Gamba,GA,2021-10-11 00:11:20,-2.65,10.0,75.58,84,100,2.17,overcast clouds
485,Belaya Gora,RU,2021-10-11 00:11:20,68.5333,146.4167,23.32,63,100,3.04,overcast clouds
486,Broome,US,2021-10-11 00:11:21,42.2506,-75.833,64.2,77,75,1.01,broken clouds
487,Gilbues,BR,2021-10-11 00:11:21,-9.8317,-45.3439,87.28,25,77,4.27,broken clouds
488,Gao,ML,2021-10-11 00:11:21,16.6362,1.637,86.85,12,90,8.75,overcast clouds
489,Mangaratiba,BR,2021-10-11 00:11:22,-22.9597,-44.0406,65.91,95,100,5.7,heavy intensity rain
490,Rancho Palos Verdes,US,2021-10-11 00:11:22,33.7445,-118.387,84.52,67,1,5.01,clear sky
491,Toora-Khem,RU,2021-10-11 00:11:23,52.4675,96.11,27.81,70,58,1.07,broken clouds
492,Houma,US,2021-10-11 00:10:02,29.5958,-90.7195,81.0,79,0,6.73,clear sky
493,Innisfail,AU,2021-10-11 00:11:23,-17.5333,146.0333,88.88,55,1,3.51,clear sky
494,Coquimbo,CL,2021-10-11 00:11:23,-29.9533,-71.3436,56.93,76,0,4.61,clear sky
495,Komyshnya,UA,2021-10-11 00:11:24,50.1859,33.684,42.84,54,98,6.93,overcast clouds
496,Zasechnoye,RU,2021-10-11 00:11:24,53.1092,45.0764,40.68,37,10,1.28,clear sky
497,Esik,KZ,2021-10-11 00:11:24,43.3552,77.4525,36.82,94,100,3.09,overcast clouds
498,Port Blair,IN,2021-10-11 00:11:25,11.6667,92.75,80.92,84,100,16.28,overcast clouds
499,Pemba,MZ,2021-10-11 00:11:25,-12.974,40.5178,75.81,82,27,6.98,scattered clouds
500,Ornskoldsvik,SE,2021-10-11 00:11:26,63.2909,18.7153,48.02,93,90,16.11,overcast clouds
501,Utkivka,UA,2021-10-11 00:11:26,49.7858,36.0753,45.21,56,100,6.11,overcast clouds
502,Jeremie,HT,2021-10-11 00:11:26,18.65,-74.1167,80.73,79,39,1.43,scattered clouds
503,Lahad Datu,MY,2021-10-11 00:11:27,5.0268,118.327,80.85,85,97,2.89,overcast clouds
504,Plastun,RU,2021-10-11 00:11:27,44.7561,136.2939,51.48,57,67,13.42,broken clouds
505,Ketchikan,US,2021-10-11 00:11:27,55.3422,-131.6461,48.67,87,90,9.22,light rain
506,Idenao,CM,2021-10-11 00:11:28,4.2475,9.0047,75.4,92,81,0.6,broken clouds
507,Sivas,TR,2021-10-11 00:11:28,39.7916,37.0019,48.83,61,0,5.75,clear sky
508,Harper,LR,2021-10-11 00:11:28,4.375,-7.7169,77.76,88,98,9.53,overcast clouds
509,Baripada,IN,2021-10-11 00:11:29,21.935,86.7214,77.05,77,37,6.22,scattered clouds
510,Lorengau,PG,2021-10-11 00:11:29,-2.0226,147.2712,85.19,66,72,3.6,broken clouds
511,Marovoay,MG,2021-10-11 00:11:29,-16.1,46.6333,71.74,60,1,5.14,clear sky
512,Russkaya Polyana,UA,2021-10-11 00:11:30,49.417,31.9201,44.44,62,66,6.04,broken clouds
513,Paveh,IR,2021-10-11 00:11:30,35.0434,46.3565,56.28,27,0,6.35,clear sky
514,Vardo,NO,2021-10-11 00:11:30,70.3705,31.1107,44.35,90,100,7.63,overcast clouds
515,Abilene,US,2021-10-11 00:08:10,32.4487,-99.7331,84.36,25,90,27.63,haze
516,Zempoala,MX,2021-10-11 00:11:31,19.45,-96.4167,82.9,82,11,5.84,few clouds
517,Belgrade,RS,2021-10-11 00:06:55,44.804,20.4651,47.86,76,75,18.41,broken clouds
518,Mainburg,DE,2021-10-11 00:11:32,48.65,11.7833,39.38,93,4,1.14,clear sky
519,Aboso,GH,2021-10-11 00:11:32,5.3617,-1.9473,72.66,99,97,3.06,overcast clouds
520,Monteagudo,BO,2021-10-11 00:11:32,-19.8167,-63.9833,65.71,96,100,2.68,overcast clouds
521,Ilulissat,GL,2021-10-11 00:11:33,69.2167,-51.1,32.02,86,75,0.0,broken clouds
522,Nouadhibou,MR,2021-10-11 00:07:44,20.931,-17.0347,69.04,83,0,20.51,clear sky
523,Taseyevo,RU,2021-10-11 00:11:33,57.2169,94.8978,32.58,97,100,3.69,overcast clouds
524,Kirakira,SB,2021-10-11 00:10:03,-10.4544,161.9205,81.59,78,93,3.85,light rain
525,Puerto Escondido,MX,2021-10-11 00:11:34,15.85,-97.0667,85.03,61,40,10.36,scattered clouds
526,Rumoi,JP,2021-10-11 00:11:34,43.9344,141.6428,54.86,82,100,19.82,overcast clouds
527,Khandyga,RU,2021-10-11 00:11:34,62.6667,135.6,32.49,65,100,6.17,overcast clouds
528,Orocue,CO,2021-10-11 00:11:35,4.7912,-71.3354,78.84,85,94,2.53,overcast clouds
529,Maturin,VE,2021-10-11 00:11:35,9.75,-63.1767,75.9,91,96,6.67,overcast clouds
530,Koumac,NC,2021-10-11 00:11:35,-20.5667,164.2833,77.5,53,0,6.64,clear sky
531,Nome,US,2021-10-11 00:07:30,64.5011,-165.4064,41.16,69,1,4.61,clear sky
532,Copiapo,CL,2021-10-11 00:11:01,-27.3667,-70.3333,53.29,23,13,1.21,few clouds
533,Verkhovye,RU,2021-10-11 00:11:36,52.8119,37.2425,39.67,71,3,2.06,clear sky
534,Powell,US,2021-10-11 00:09:30,40.1578,-83.0752,75.85,75,1,1.01,clear sky
535,Zyryanovsk,KZ,2021-10-11 00:11:37,49.7386,84.2719,40.71,70,100,2.21,overcast clouds
536,Mayor Pablo Lagerenza,PY,2021-10-11 00:11:37,-19.9309,-60.7718,70.81,76,42,10.98,scattered clouds
537,Arrecife,ES,2021-10-11 00:11:37,28.963,-13.5477,73.47,64,75,10.36,broken clouds
538,Padang,ID,2021-10-11 00:11:38,-0.9492,100.3543,75.09,93,100,2.01,light rain
539,Kaberamaido,UG,2021-10-11 00:11:38,1.7389,33.1594,66.54,91,93,3.33,light rain
540,Doka,SD,2021-10-11 00:11:38,13.5167,35.7667,71.49,95,100,7.61,overcast clouds
541,Policoro,IT,2021-10-11 00:11:39,40.2115,16.6726,55.58,93,44,7.43,scattered clouds
542,Petropavlovsk-Kamchatskiy,RU,2021-10-11 00:11:39,53.0452,158.6483,37.99,100,90,22.37,shower sleet
543,Mnogovershinnyy,RU,2021-10-11 00:11:39,53.9353,139.9242,38.17,96,100,17.43,moderate rain
544,Chateaubelair,VC,2021-10-11 00:11:40,13.2833,-61.25,80.08,82,100,13.73,overcast clouds
545,Abu Zabad,SD,2021-10-11 00:11:40,12.35,29.25,81.39,51,100,6.26,overcast clouds
546,Kaele,CM,2021-10-11 00:11:40,10.1092,14.4508,74.68,74,100,6.87,overcast clouds
547,Keffi,NG,2021-10-11 00:11:41,8.8486,7.8736,73.29,96,100,1.54,overcast clouds
548,Mareeba,AU,2021-10-11 00:11:41,-17.0,145.4333,84.33,63,18,1.95,few clouds
549,Bonthe,SL,2021-10-11 00:11:41,7.5264,-12.505,77.92,87,44,5.5,light rain
550,Yeppoon,AU,2021-10-11 00:11:42,-23.1333,150.7333,80.38,51,4,9.15,clear sky
551,Pokosnoye,RU,2021-10-11 00:11:42,55.5258,101.0536,36.73,79,85,6.87,overcast clouds
552,Ahuimanu,US,2021-10-11 00:11:42,21.4447,-157.8378,85.71,60,75,16.11,broken clouds
553,Waddan,LY,2021-10-11 00:11:43,29.1614,16.139,72.01,52,0,11.32,clear sky
554,Wajir,KE,2021-10-11 00:11:43,1.7471,40.0573,77.16,65,24,14.25,few clouds
555,Ucluelet,CA,2021-10-11 00:11:43,48.9329,-125.5528,53.1,76,99,5.99,overcast clouds
556,Tura,IN,2021-10-11 00:11:44,25.5198,90.2201,72.55,89,4,3.87,clear sky
557,Ostersund,SE,2021-10-11 00:11:44,63.1792,14.6357,41.61,100,75,5.75,broken clouds
558,Vung Tau,VN,2021-10-11 00:11:44,10.346,107.0843,79.93,85,100,13.31,overcast clouds
559,Kota Bahru,MY,2021-10-11 00:11:45,6.1333,102.2386,77.07,85,62,3.8,broken clouds
560,Ponta Delgada,PT,2021-10-11 00:11:45,37.7333,-25.6667,70.52,94,75,11.5,broken clouds
561,Buzmeyin,TM,2021-10-11 00:11:45,38.0507,58.2056,42.53,45,14,2.3,few clouds
562,Savannah Bight,HN,2021-10-11 00:11:46,16.45,-85.85,82.99,72,5,8.81,clear sky
563,Duvan,RU,2021-10-11 00:11:46,55.695,57.9024,39.27,95,100,1.23,overcast clouds
564,Darnah,LY,2021-10-11 00:11:47,32.767,22.6367,75.51,53,0,12.82,clear sky
565,Paka,MY,2021-10-11 00:11:47,4.6374,103.4368,79.54,86,92,3.2,overcast clouds
566,Tupancireta,BR,2021-10-11 00:11:47,-29.0806,-53.8358,61.16,95,97,8.14,overcast clouds
567,Wolgast,DE,2021-10-11 00:11:48,54.05,13.7667,42.85,79,59,9.89,broken clouds
568,Kuusamo,FI,2021-10-11 00:11:48,65.9667,29.1833,48.24,93,90,10.36,overcast clouds
569,Magdagachi,RU,2021-10-11 00:11:48,53.45,125.8,37.72,68,14,5.37,few clouds
570,Pringsewu,ID,2021-10-11 00:07:35,-5.3582,104.9744,78.01,87,100,3.38,overcast clouds
571,Kefamenanu,ID,2021-10-11 00:11:49,-9.4467,124.4781,84.2,39,97,2.77,overcast clouds
572,Mersing,MY,2021-10-11 00:11:49,2.4312,103.8405,78.94,86,88,6.31,overcast clouds
573,Atar,MR,2021-10-11 00:11:49,20.5169,-13.0499,84.81,20,1,4.25,clear sky
574,Paramonga,PE,2021-10-11 00:11:50,-10.6667,-77.8333,63.46,89,54,7.27,broken clouds
575,Sumbawanga,TZ,2021-10-11 00:11:50,-7.9667,31.6167,63.23,38,43,4.23,scattered clouds
576,La Asuncion,VE,2021-10-11 00:11:50,11.0333,-63.8628,81.19,81,88,11.81,overcast clouds
577,San Cristobal,VE,2021-10-11 00:11:51,7.7669,-72.225,73.58,99,93,1.16,overcast clouds
578,Kaeo,NZ,2021-10-11 00:11:51,-35.1,173.7833,69.33,56,47,9.64,scattered clouds
579,San Angelo,US,2021-10-11 00:08:14,31.4638,-100.437,88.02,12,90,7.0,overcast clouds
580,Badlapur,IN,2021-10-11 00:11:52,19.15,73.2667,80.4,93,64,2.06,broken clouds
581,Debre Birhan,ET,2021-10-11 00:11:52,9.6833,39.5333,50.34,92,90,3.24,light rain
582,Amapa,BR,2021-10-11 00:09:28,1.0,-52.0,74.28,94,92,5.82,overcast clouds
583,Dhidhdhoo,MV,2021-10-11 00:11:52,6.8833,73.1,82.89,79,100,20.45,overcast clouds
584,Taunggyi,MM,2021-10-11 00:11:53,20.7833,97.0333,63.36,96,98,2.1,overcast clouds
585,Lucapa,AO,2021-10-11 00:11:53,-8.4192,20.7447,75.31,50,96,1.77,overcast clouds
586,Tautira,PF,2021-10-11 00:11:53,-17.7333,-149.15,86.02,76,80,10.27,broken clouds
587,Malyye Derbety,RU,2021-10-11 00:11:54,47.9547,44.6808,45.39,62,33,5.14,scattered clouds
588,Alyangula,AU,2021-10-11 00:11:54,-13.8483,136.4192,83.71,66,87,11.92,overcast clouds
589,Tsiroanomandidy,MG,2021-10-11 00:11:54,-18.7667,46.0333,69.24,74,77,4.59,light rain
590,Finnsnes,NO,2021-10-11 00:11:55,69.2296,17.9811,45.75,90,100,2.98,light rain
591,Oudtshoorn,ZA,2021-10-11 00:11:55,-33.5907,22.2014,64.0,30,53,6.02,broken clouds
592,Luanda,AO,2021-10-11 00:08:40,-8.8368,13.2343,73.24,81,52,7.27,broken clouds
593,Motygino,RU,2021-10-11 00:11:56,58.1831,94.7592,26.62,94,93,5.53,overcast clouds
594,Keetmanshoop,NA,2021-10-11 00:11:56,-26.5833,18.1333,68.2,13,0,10.18,clear sky
595,San Jeronimo,PE,2021-10-11 00:11:56,-11.9472,-75.2829,56.62,67,66,5.79,broken clouds
596,Qui Nhon,VN,2021-10-11 00:11:57,13.7667,109.2333,79.18,85,100,4.25,overcast clouds
597,Mounana,GA,2021-10-11 00:11:57,-1.4085,13.1586,69.94,97,100,1.95,overcast clouds
598,Sechura,PE,2021-10-11 00:11:57,-5.5569,-80.8222,67.33,79,30,16.02,scattered clouds
599,Awbari,LY,2021-10-11 00:11:58,26.5921,12.7805,75.72,13,0,11.54,clear sky
600,Taoudenni,ML,2021-10-11 00:11:58,22.6783,-3.9836,89.38,10,51,4.61,broken clouds
601,Mitu,CO,2021-10-11 00:11:58,1.1983,-70.1733,75.65,90,43,2.84,scattered clouds
602,Shimoda,JP,2021-10-11 00:11:59,34.6667,138.95,78.1,72,14,10.13,few clouds
603,Boryslav,UA,2021-10-11 00:11:59,49.2867,23.4324,42.35,55,70,4.05,broken clouds
604,Minamiashigara,JP,2021-10-11 00:11:59,35.3193,139.099,80.51,78,53,5.01,broken clouds
605,Orlik,RU,2021-10-11 00:12:00,52.5178,99.825,27.63,70,59,2.75,broken clouds
606,Bungu,TZ,2021-10-11 00:12:00,-7.6337,39.0582,70.65,92,68,2.39,broken clouds
607,Sinnamary,GF,2021-10-11 00:12:01,5.3833,-52.95,79.86,87,81,11.65,broken clouds
608,Aguada De Pasajeros,CU,2021-10-11 00:12:01,22.385,-80.8508,73.58,90,68,4.47,light rain
609,Bacalar,MX,2021-10-11 00:12:01,18.6667,-88.3833,86.11,74,40,0.0,scattered clouds
610,Bubaque,GW,2021-10-11 00:12:02,11.2833,-15.8333,82.42,78,84,8.08,broken clouds
611,Valle De Allende,MX,2021-10-11 00:12:02,26.9333,-105.4,81.57,17,2,13.06,clear sky
612,Northam,GB,2021-10-11 00:12:03,51.0333,-4.2167,51.3,83,11,7.54,few clouds
613,Port-Cartier,CA,2021-10-11 00:12:03,50.0334,-66.8654,48.74,92,81,0.94,broken clouds
614,Rocha,UY,2021-10-11 00:12:03,-34.4833,-54.3333,58.41,81,100,11.01,overcast clouds
615,Mattawa,US,2021-10-11 00:12:04,46.7379,-119.9028,64.92,36,14,17.0,few clouds
616,Barcelos,PT,2021-10-11 00:12:04,41.5388,-8.6151,68.85,47,73,7.16,broken clouds
617,Kununurra,AU,2021-10-11 00:08:55,-15.7667,128.7333,85.98,62,40,5.75,scattered clouds
618,Potsdam,DE,2021-10-11 00:12:05,52.3989,13.0657,47.48,74,55,5.3,broken clouds
619,Puerto Asis,CO,2021-10-11 00:12:05,0.5133,-76.5007,75.16,92,92,2.01,overcast clouds
620,Gat,IL,2021-10-11 00:12:05,31.61,34.7642,70.39,67,0,4.61,clear sky
621,Nantucket,US,2021-10-11 00:12:05,41.2835,-70.0995,63.01,90,100,25.81,heavy intensity rain
622,Pipri,IN,2021-10-11 00:12:06,19.8,75.5333,73.15,70,11,2.75,few clouds
623,San Ignacio,BZ,2021-10-11 00:12:06,17.1561,-89.0714,87.94,74,0,4.61,clear sky
624,Limekilns,GB,2021-10-11 00:12:07,56.0334,-3.4771,52.12,93,0,10.36,clear sky
625,Igrim,RU,2021-10-11 00:12:07,63.1906,64.4162,28.69,64,11,4.81,few clouds
626,Sorland,NO,2021-10-11 00:12:07,67.667,12.6934,49.64,82,97,10.76,overcast clouds
627,Mattru,SL,2021-10-11 00:12:08,7.6244,-11.8332,74.1,97,63,2.42,light rain
628,Hobyo,SO,2021-10-11 00:12:08,5.3505,48.5268,78.33,88,48,15.86,scattered clouds
629,Mizan Teferi,ET,2021-10-11 00:12:08,6.9833,35.5833,61.86,88,85,3.24,overcast clouds
630,Spas-Klepiki,RU,2021-10-11 00:12:09,55.1347,40.1767,42.21,72,49,4.23,scattered clouds
631,Rebrikha,RU,2021-10-11 00:12:09,53.0733,82.3408,40.89,82,100,3.11,overcast clouds
632,Sorong,ID,2021-10-11 00:10:41,-0.8833,131.25,80.24,81,100,7.4,overcast clouds
633,Zambezi,ZM,2021-10-11 00:12:09,-13.5432,23.1047,73.96,30,36,5.14,scattered clouds
634,Bumbuna,SL,2021-10-11 00:12:10,9.05,-11.7333,72.55,99,99,2.13,light rain
635,Chara,RU,2021-10-11 00:12:10,56.9064,118.2631,29.64,61,16,4.76,few clouds
636,Chkalovskoye,RU,2021-10-11 00:12:11,44.8392,133.0436,51.49,53,3,14.07,clear sky
637,Naryan-Mar,RU,2021-10-11 00:12:11,67.6713,53.087,30.69,95,100,9.95,overcast clouds
638,Kondoa,TZ,2021-10-11 00:12:12,-4.9,35.7833,59.72,88,94,5.99,overcast clouds
639,Banswada,IN,2021-10-11 00:12:12,18.3833,77.8833,71.24,82,100,1.57,overcast clouds
640,Nara,JP,2021-10-11 00:12:12,34.6851,135.8049,78.49,54,0,1.41,clear sky
641,Koslan,RU,2021-10-11 00:12:13,63.4564,48.8989,46.76,97,100,10.04,overcast clouds
642,Lerwick,GB,2021-10-11 00:12:13,60.1545,-1.1494,46.4,77,33,23.17,scattered clouds
643,Itarema,BR,2021-10-11 00:12:14,-2.9248,-39.9167,79.38,75,6,16.33,clear sky
644,Termoli,IT,2021-10-11 00:12:14,41.9888,14.9895,54.66,81,100,29.75,overcast clouds
645,Eregli,TR,2021-10-11 00:12:15,37.5133,34.0467,57.99,27,0,0.4,clear sky
646,Araouane,ML,2021-10-11 00:12:15,18.9048,-3.5265,87.44,10,100,4.34,overcast clouds
647,Poronaysk,RU,2021-10-11 00:12:15,49.2167,143.1167,46.65,74,39,21.36,scattered clouds
648,Cedar City,US,2021-10-11 00:12:16,37.6775,-113.0619,56.37,33,1,5.75,clear sky
649,Apache Junction,US,2021-10-11 00:12:16,33.4151,-111.5496,83.79,19,1,1.01,clear sky
650,Touros,BR,2021-10-11 00:12:17,-5.1989,-35.4608,78.64,77,25,14.05,scattered clouds
651,Itabuna,BR,2021-10-11 00:12:17,-14.7856,-39.2803,70.16,99,73,1.39,broken clouds
652,Tazovskiy,RU,2021-10-11 00:12:18,67.4667,78.7,28.38,80,62,15.82,broken clouds
653,Caborca,MX,2021-10-11 00:12:18,30.5838,-111.101,79.48,14,0,7.87,clear sky
654,Shangrao,CN,2021-10-11 00:12:18,28.4532,117.9686,73.26,72,87,7.92,overcast clouds
655,Mogadishu,SO,2021-10-11 00:09:54,2.0371,45.3438,78.08,86,23,12.86,few clouds
656,Jensen Beach,US,2021-10-11 00:12:19,27.2545,-80.2298,80.65,79,20,1.99,few clouds
657,Sao Joao Da Barra,BR,2021-10-11 00:12:19,-21.6403,-41.0511,68.45,89,100,18.92,light rain
658,Caravelas,BR,2021-10-11 00:08:16,-17.7125,-39.2481,72.41,92,99,5.75,overcast clouds
659,Albania,AL,2021-10-11 00:12:20,41.0,20.0,60.19,94,100,3.42,overcast clouds
660,Bridgend,GB,2021-10-11 00:12:20,51.5058,-3.5772,51.75,87,39,3.36,scattered clouds
661,Florianopolis,BR,2021-10-11 00:12:20,-27.6146,-48.5012,67.42,78,77,1.01,broken clouds
662,Shieli,KZ,2021-10-11 00:12:21,44.1667,66.75,44.44,51,2,7.58,clear sky
663,Medicine Hat,CA,2021-10-11 00:12:21,50.0501,-110.6683,49.71,61,27,7.0,scattered clouds
664,Kiama,AU,2021-10-11 00:12:22,-34.6833,150.8667,60.58,68,100,5.99,overcast clouds
665,Curup,ID,2021-10-11 00:12:22,-3.4667,102.5333,70.05,96,98,1.72,overcast clouds
666,Padilla,CO,2021-10-11 00:12:22,3.2204,-76.3139,68.65,98,93,0.92,overcast clouds
667,Kilakarai,IN,2021-10-11 00:12:23,9.2333,78.7833,81.99,76,100,8.9,moderate rain
668,Pedernales,DO,2021-10-11 00:12:23,18.0384,-71.744,81.36,75,62,6.06,broken clouds
